{
  "0": {
    "tags": {
      "indie": 0.23713803767219566,
      "san diego indie": 0.161653078436885,
      "Neo-Psychedelia": 0.1335394995782963,
      "ambient": 0.11104863649142535,
      "bedroom soul": 0.1066910317683441,
      "cloud rap": 0.09839752600506045,
      "jazz": 0.07724205791397244,
      "electronic": 0.07429013213382064
    },
    "scrobbles": 215
  },
  "1": {
    "tags": {
      "ambient": 0.24060865430337613,
      "Hip-Hop": 0.1401806942463148,
      "vaporwave": 0.1312410841654779,
      "jazz": 0.11678554446029481,
      "cloud rap": 0.10461245839277222,
      "indie": 0.1002377555872563,
      "electronic": 0.0955777460770328,
      "indie pop": 0.07075606276747504
    },
    "scrobbles": 173
  },
  "2": {
    "tags": {
      "ambient": 0.29316810696233486,
      "electronic": 0.18449372248491766,
      "cloud rap": 0.16305233980107614,
      "vaporwave": 0.1173976846567748,
      "Hip-Hop": 0.09864666557965106,
      "jazz": 0.07647154736670471,
      "indie pop": 0.06676993314854068
    },
    "scrobbles": 177
  },
  "3": {
    "tags": {
      "ambient": 0.2702912347507228,
      "indie": 0.11265072984979903,
      "electronic": 0.10073337564346661,
      "cloud rap": 0.0951977998730696,
      "vaporwave": 0.09216557365489035,
      "Neo-Psychedelia": 0.08134123122487837,
      "jazz": 0.06702630279952049,
      "rap": 0.06209012058387984,
      "indie pop": 0.05986883858684155,
      "soul": 0.05863479303293139
    },
    "scrobbles": 378
  },
  "4": {
    "tags": {
      "cloud rap": 0.17259047516315193,
      "ambient": 0.1666576775794186,
      "indie": 0.1663340704384877,
      "electronic": 0.12976646351329485,
      "vaporwave": 0.12744727900329,
      "indie pop": 0.12189202308397605,
      "Neo-Psychedelia": 0.11531201121838089
    },
    "scrobbles": 305
  },
  "5": {
    "tags": {
      "indie": 0.20147713696100794,
      "Neo-Psychedelia": 0.13782991202346043,
      "indie pop": 0.13620071684587814,
      "jazz": 0.10177039209297274,
      "vaporwave": 0.09688280656022592,
      "Psychedelic Rock": 0.08689040947105464,
      "ambient": 0.08689040947105464,
      "cloud rap": 0.0760291082871728,
      "san diego indie": 0.0760291082871728
    },
    "scrobbles": 159
  },
  "6": {
    "tags": {
      "ambient": 0.2827451829400303,
      "Neo-Psychedelia": 0.1794039113805297,
      "indie pop": 0.17702244353034569,
      "electronic": 0.12650645882947248,
      "indie": 0.09778451324240456,
      "vaporwave": 0.07158836689038033,
      "folk": 0.06494912318683697
    },
    "scrobbles": 234
  },
  "7": {
    "tags": {
      "ambient": 0.4141772569730979,
      "Neo-Psychedelia": 0.14598118501402874,
      "electronic": 0.13558342960884637,
      "indie": 0.12997194256477967,
      "indie pop": 0.1033586400396105,
      "vaporwave": 0.0709275457996369
    },
    "scrobbles": 441
  },
  "8": {
    "tags": {
      "ambient": 0.30178800200523587,
      "electronic": 0.12964407062886427,
      "indie": 0.11733415028129003,
      "jazz": 0.10396591098980672,
      "Soundtrack": 0.1026569375591823,
      "rap": 0.08499972149501477,
      "Neo-Psychedelia": 0.0826881301175291,
      "Hip-Hop": 0.07692307692307691
    },
    "scrobbles": 587
  },
  "9": {
    "tags": {
      "ambient": 0.3324856667283151,
      "rap": 0.11968281856852228,
      "electronic": 0.11688551877196227,
      "indie": 0.11311725540965416,
      "jazz": 0.08248566672831514,
      "Hip-Hop": 0.08169964860366193,
      "Neo-Psychedelia": 0.07899482152764933,
      "vaporwave": 0.07464860366191972
    },
    "scrobbles": 811
  },
  "10": {
    "tags": {
      "ambient": 0.35239339049457724,
      "electronic": 0.14769178354437568,
      "cloud rap": 0.11356538527056953,
      "vaporwave": 0.08954630628584408,
      "rap": 0.07972290045993981,
      "jazz": 0.07895633410936347,
      "Hip-Hop": 0.07222758503208222,
      "indie pop": 0.06589631480324797
    },
    "scrobbles": 623
  },
  "11": {
    "tags": {
      "ambient": 0.25609900287707404,
      "jazz": 0.11533914003074133,
      "rap": 0.11129941276159697,
      "electronic": 0.10753556930595515,
      "Neo-Psychedelia": 0.09397785047097308,
      "Hip-Hop": 0.09133724825602017,
      "vaporwave": 0.09131754226934143,
      "indie": 0.07458715957908012,
      "indie pop": 0.05850707444921767
    },
    "scrobbles": 843
  },
  "12": {
    "tags": {
      "ambient": 0.22572108519752496,
      "jazz": 0.15305092812946214,
      "electronic": 0.11169919086149453,
      "indie": 0.1054926225606854,
      "Soundtrack": 0.09759162303664921,
      "vaporwave": 0.09492622560685388,
      "rap": 0.07267015706806282,
      "Hip-Hop": 0.07030937648738696,
      "Neo-Psychedelia": 0.06853879105188006
    },
    "scrobbles": 910
  },
  "13": {
    "tags": {
      "ambient": 0.2258404074702886,
      "indie": 0.1903565365025467,
      "jazz": 0.15500848896434635,
      "electronic": 0.12974533106960953,
      "Neo-Psychedelia": 0.1030560271646859,
      "vaporwave": 0.10067911714770798,
      "indie pop": 0.09531409168081495
    },
    "scrobbles": 581
  },
  "14": {
    "tags": {
      "ambient": 0.24652431752462792,
      "indie": 0.14412442208099852,
      "jazz": 0.1333420463642156,
      "instrumental": 0.1042623057947101,
      "Soundtrack": 0.1032984267533613,
      "electronic": 0.09663295812844097,
      "vaporwave": 0.09130711800166635,
      "Neo-Psychedelia": 0.08050840535197921
    },
    "scrobbles": 951
  },
  "15": {
    "tags": {
      "ambient": 0.20656141631684613,
      "indie": 0.1518068990691732,
      "jazz": 0.13590527468516153,
      "electronic": 0.12379083774411388,
      "Neo-Psychedelia": 0.0935389669647746,
      "Soundtrack": 0.07480835918963313,
      "vaporwave": 0.07464865851432742,
      "indie pop": 0.07309728052564336,
      "instrumental": 0.0658423069903267
    },
    "scrobbles": 722
  },
  "16": {
    "tags": {
      "ambient": 0.2866637013004003,
      "indie": 0.1584813836050132,
      "electronic": 0.15576022397236977,
      "Neo-Psychedelia": 0.10646537062717497,
      "indie pop": 0.10581124571548182,
      "vaporwave": 0.1037180459980638,
      "jazz": 0.08310002878149611
    },
    "scrobbles": 780
  },
  "17": {
    "tags": {
      "indie": 0.1358223654758707,
      "ambient": 0.10729698272002865,
      "indie pop": 0.09900617781359118,
      "Neo-Psychedelia": 0.09868385710448563,
      "jazz": 0.08983794431014414,
      "electronic": 0.08643567015847435,
      "vaporwave": 0.08545080132509625,
      "dream pop": 0.08118900528247829,
      "Hip-Hop": 0.07470677768824424,
      "cloud rap": 0.07155519742143432,
      "rap": 0.0700152207001522
    },
    "scrobbles": 871
  },
  "18": {
    "tags": {
      "ambient": 0.2339202469446894,
      "indie": 0.13446516315988408,
      "jazz": 0.08762756709084037,
      "electronic": 0.08365881315358448,
      "Hip-Hop": 0.07425664608794255,
      "rap": 0.07145331989416656,
      "Neo-Psychedelia": 0.06880748393599596,
      "indie pop": 0.06406702784427365,
      "cloud rap": 0.06299609424215699,
      "vaporwave": 0.060192768048381,
      "dream pop": 0.05855486959808492
    },
    "scrobbles": 964
  },
  "19": {
    "tags": {
      "ambient": 0.27348352736013576,
      "vaporwave": 0.14554366781354575,
      "electronic": 0.12256680963378423,
      "indie": 0.10849790262525334,
      "Neo-Psychedelia": 0.09897723523589574,
      "indie pop": 0.08667577885657728,
      "Hip-Hop": 0.08413064995051138,
      "cloud rap": 0.08012442852429655
    },
    "scrobbles": 739
  },
  "20": {
    "tags": {
      "ambient": 0.22730411923273997,
      "vaporwave": 0.15788535656203354,
      "indie": 0.136453761668189,
      "jazz": 0.12725287945284824,
      "electronic": 0.1055316684117896,
      "Neo-Psychedelia": 0.09993984895404014,
      "indie pop": 0.07601309956112014,
      "Hip-Hop": 0.06961926615723929
    },
    "scrobbles": 821
  },
  "21": {
    "tags": {
      "ambient": 0.16891833188531713,