{
  "2025-W01": {
    "tags": {
      "Neo-Psychedelia": 0.23718763235916981,
      "indie pop": 0.1695044472681067,
      "indie": 0.14324438797119865,
      "dream pop": 0.09758576874205843,
      "british": 0.08182973316391359,
      "chillout": 0.07623888182973317,
      "Passion of Discovery": 0.07623888182973317,
      "Psychedelic Rock": 0.06378653113087673,
      "Lo-Fi": 0.05438373570520965
    },
    "scrobbles": 147
  },
  "2025-W02": {
    "tags": {
      "ambient": 0.3946057986400748,
      "indie": 0.12772680164808775,
      "Neo-Psychedelia": 0.10869290462829553,
      "indie pop": 0.10639265943732464,
      "dream pop": 0.07889082682439777,
      "instrumental": 0.06256161371047243,
      "japan": 0.060615252395035506,
      "electronic": 0.06051414271631151
    },
    "scrobbles": 511
  },
  "2025-W03": {
    "tags": {
      "indie": 0.27166051660516605,
      "ambient": 0.1372939729397294,
      "san diego indie": 0.10086100861008611,
      "dream pop": 0.09557195571955719,
      "indie pop": 0.09205412054120542,
      "Neo-Psychedelia": 0.0846740467404674,
      "electronic": 0.08049200492004921,
      "House": 0.0708241082410824,
      "bedroom soul": 0.06656826568265682
    },
    "scrobbles": 529
  },
  "2025-W04": {
    "tags": {
      "electronic": 0.14995086598697951,
      "indie": 0.12507677189534455,
      "House": 0.12366416902100479,
      "ambient": 0.1216066822257708,
      "Neo-Psychedelia": 0.11746099987716498,
      "dream pop": 0.08626090160913893,
      "indie pop": 0.08116324775826066,
      "Hip-Hop": 0.07155140646112272,
      "post-punk": 0.06399705195921877,
      "british": 0.05926790320599435
    },
    "scrobbles": 449
  },
  "2025-W05": {
    "tags": {
      "vaporwave": 0.23533132038518034,
      "indie": 0.14872694630324793,
      "Neo-Psychedelia": 0.11424840868287905,
      "ambient": 0.0994165170556553,
      "dream pop": 0.0884405092214787,
      "Hip-Hop": 0.08719601762689734,
      "electronic": 0.08262608127958217,
      "indie pop": 0.0780357434307165,
      "experimental": 0.06597845601436265
    },
    "scrobbles": 723
  },
  "2025-W06": {
    "tags": {
      "vaporwave": 0.2169585253456221,
      "indie": 0.15846390168970814,
      "ambient": 0.10338965693804404,
      "Hip-Hop": 0.09593445980542754,
      "electronic": 0.08860215053763441,
      "Neo-Psychedelia": 0.08057347670250896,
      "dream pop": 0.06971838197644649,
      "indie pop": 0.06906298003072196,
      "san diego indie": 0.0593958013312852,
      "experimental": 0.05790066564260113
    },
    "scrobbles": 647
  },
  "2025-W07": {
    "tags": {
      "rap": 0.2709819260168213,
      "Hip-Hop": 0.15665823043689442,
      "indie": 0.08420891172635937,
      "ambient": 0.08354423907763887,
      "Grime": 0.07924943119359869,
      "british": 0.07111997341309405,
      "dream pop": 0.05897691540762328,
      "Neo-Psychedelia": 0.051128665286192705,
      "indie pop": 0.05041286397218601,
      "electronic": 0.046936114732724896,
      "House": 0.04678272873686632
    },
    "scrobbles": 616
  },
  "2025-W08": {
    "tags": {
      "ambient": 0.17946841422441037,
      "vaporwave": 0.1645986494128605,
      "Neo-Psychedelia": 0.12308306443564751,
      "rap": 0.11310335650843284,
      "indie": 0.10016300189614451,
      "electronic": 0.09194637570273775,
      "indie pop": 0.0866903961944047,
      "Hip-Hop": 0.07052326935231695,
      "experimental": 0.07042347227304481
    },
    "scrobbles": 494
  },
  "2025-W09": {
    "tags": {
      "jazz": 0.22631192905247716,
      "post-punk": 0.14802960592118425,
      "swing": 0.1183570047342802,
      "indie pop": 0.1163899446555978,
      "indie": 0.10802160432086418,
      "Neo-Psychedelia": 0.09725278389011136,
      "electronic": 0.09438554377542174,
      "rap": 0.09125158365006336
    },
    "scrobbles": 556
  },
  "2025-W10": {
    "tags": {
      "jazz": 0.2229092474464838,
      "ambient": 0.15407192893202365,
      "indie": 0.13857472703792117,
      "electronic": 0.10531053105310531,
      "Soundtrack": 0.10335381364223378,
      "Neo-Psychedelia": 0.10174930536531913,
      "lounge": 0.0929440770163973,
      "House": 0.08108636950651586
    },
    "scrobbles": 532
  },
  "2025-W11": {
    "tags": {
      "ambient": 0.404283185840708,
      "rap": 0.17730973451327436,
      "Hip-Hop": 0.1048849557522124,
      "electronic": 0.09536283185840709,
      "japan": 0.06725663716814159,
      "jazz": 0.05178761061946903,
      "Grime": 0.04955752212389381,
      "Soundtrack": 0.04955752212389381
    },
    "scrobbles": 435
  },
  "2025-W12": {
    "tags": {
      "ambient": 0.5864339019189766,
      "electronic": 0.1969349680170576,
      "japan": 0.1088219616204691,
      "Neo-Psychedelia": 0.05892857142857144,
      "indie": 0.048880597014925385
    },
    "scrobbles": 481
  },
  "2025-W13": {
    "tags": {
      "ambient": 0.29725667042465237,
      "indie": 0.17758570295210657,
      "Neo-Psychedelia": 0.14614388909766587,
      "electronic": 0.12363773017662534,
      "jazz": 0.07495093740866007,
      "dream pop": 0.06121341183347948,
      "Soundtrack": 0.06016952691135329,
      "indie pop": 0.059042131195457016
    },
    "scrobbles": 409
  },
  "2025-W14": {
    "tags": {
      "ambient": 0.310743726374277,
      "jazz": 0.2074509268114952,
      "electronic": 0.10361160449970398,
      "indie": 0.10206312337751058,
      "vaporwave": 0.09855626907136676,
      "Hip-Hop": 0.08917429521337158,
      "Soundtrack": 0.0884000546522749
    },
    "scrobbles": 476
  },
  "2025-W15": {
    "tags": {
      "ambient": 0.44220010600082443,
      "jazz": 0.16415405453153525,
      "electronic": 0.15190507037276957,
      "Hip-Hop": 0.08624344856015546,
      "Neo-Psychedelia": 0.0853895530298569,
      "indie": 0.07010776750485838
    },
    "scrobbles": 635
  },
  "2025-W16": {
    "tags": {
      "ambient": 0.3635542712660285,
      "electronic": 0.1504876286797905,
      "rap": 0.11265125519234241,
      "jazz": 0.11147733429655048,
      "Hip-Hop": 0.10533682499548493,
      "jersey club": 0.08425139967491421,
      "post-rock": 0.07224128589488893
    },
    "scrobbles": 392
  },
  "2025-W17": {
    "tags": {
      "ambient": 0.33809693168224,
      "jazz": 0.1580070484011769,
      "electronic": 0.119305506159268,
      "Hip-Hop": 0.07898735814284329,
      "vaporwave": 0.07481651524459246,
      "folk": 0.06282130039768502,
      "psychedelic": 0.059232435578259884,
      "japan": 0.054964596333538104,
      "rap": 0.0537683080603964
    },
    "scrobbles": 464
  },
  "2025-W18": {
    "tags": {
      "ambient": 0.21900430828147438,
      "jazz": 0.13894207754906654,
      "indie": 0.12027285782671135,
      "psychedelic": 0.099728737833094,
      "folk": 0.09573958831977021,
      "Neo-Psychedelia": 0.09573958831977021,
      "electronic": 0.08173767352800383,
      "indie pop": 0.08074038614967288,
      "Hip-Hop": 0.06809478219243657
    },
    "scrobbles": 416
  },
  "2025-W19": {
    "tags": {
      "cloud rap": 0.24215452076311397,
      "ambient": 0.2413364311659413,
      "vaporwave": 0.14895775385320198,
      "electronic": 0.11322360024869924,
      "experimental hip hop": 0.10052684970057921,
      "Neo-Psychedelia": 0.0556300926077424,
      "ambient pop": 0.04908537583036094,
      "japan": 0.04908537583036094
    },
    "scrobbles": 311
  },
  "2025-W20": {
    "tags": {
      "ambient": 0.2547052583724807,
      "cloud rap": 0.21191089559024098,
      "electronic": 0.13083800575844828,
      "vaporwave": 0.12123048946810124,
      "indie pop": 0.08407334444612821,
      "experimental hip hop": 0.07601151689649947,
      "Neo-Psychedelia": 0.07273829368086075,
      "ambient pop": 0.0484921957872405
    },
    "scrobbles": 411
  },
  "2025-W21": {
    "tags": {
      "vaporwave": 0.20536568563664892,
      "ambient": 0.17704466301810248,
      "cloud rap": 0.17222243484251215,
      "electronic": 0.10008037046959317,
      "jazz": 0.09728653985992576,