{
  "2025-W01": {
    "Neo-Psychedelia": 0.23718763235916981,
    "indie pop": 0.1695044472681067,
    "indie": 0.14324438797119865,
    "dream pop": 0.09758576874205843,
    "british": 0.08182973316391359,
    "chillout": 0.07623888182973317,
    "Passion of Discovery": 0.07623888182973317,
    "Psychedelic Rock": 0.06378653113087673,
    "Lo-Fi": 0.05438373570520965
  },
  "2025-W02": {
    "ambient": 0.3946057986400748,
    "indie": 0.12772680164808775,
    "Neo-Psychedelia": 0.10869290462829553,
    "indie pop": 0.10639265943732464,
    "dream pop": 0.07889082682439777,
    "instrumental": 0.06256161371047243,
    "japan": 0.060615252395035506,
    "electronic": 0.06051414271631151
  },
  "2025-W03": {
    "indie": 0.27166051660516605,
    "ambient": 0.1372939729397294,
    "san diego indie": 0.10086100861008611,
    "dream pop": 0.09557195571955719,
    "indie pop": 0.09205412054120542,
    "Neo-Psychedelia": 0.0846740467404674,
    "electronic": 0.08049200492004921,
    "House": 0.0708241082410824,
    "bedroom soul": 0.06656826568265682
  },
  "2025-W04": {
    "electronic": 0.14995086598697951,
    "indie": 0.12507677189534455,
    "House": 0.12366416902100479,
    "ambient": 0.1216066822257708,
    "Neo-Psychedelia": 0.11746099987716498,
    "dream pop": 0.08626090160913893,
    "indie pop": 0.08116324775826066,
    "Hip-Hop": 0.07155140646112272,
    "post-punk": 0.06399705195921877,
    "british": 0.05926790320599435
  },
  "2025-W05": {
    "vaporwave": 0.23533132038518034,
    "indie": 0.14872694630324793,
    "Neo-Psychedelia": 0.11424840868287905,
    "ambient": 0.0994165170556553,
    "dream pop": 0.0884405092214787,
    "Hip-Hop": 0.08719601762689734,
    "electronic": 0.08262608127958217,
    "indie pop": 0.0780357434307165,
    "experimental": 0.06597845601436265
  },
  "2025-W06": {
    "vaporwave": 0.21638681210932711,
    "indie": 0.15804632920701064,
    "ambient": 0.10311721207664337,
    "Hip-Hop": 0.09568166033419127,
    "electronic": 0.08836867263144993,
    "Neo-Psychedelia": 0.08036115537034767,
    "dream pop": 0.07216979204967928,
    "indie pop": 0.06888099031744085,
    "san diego indie": 0.059239285860195286,
    "experimental": 0.057748090043714506
  },
  "2025-W07": {
    "rap": 0.2883447411549214,
    "Hip-Hop": 0.16039236479321314,
    "ambient": 0.11370866673093609,
    "indie": 0.08898100838715899,
    "Soundtrack": 0.07533982454449051,
    "Grime": 0.07471319772486262,
    "electronic": 0.06863973778077702,
    "british": 0.06704906970018316,
    "dream pop": 0.06283138918345706
  },
  "2025-W08": {
    "ambient": 0.1916200961992938,
    "vaporwave": 0.13804320627241637,
    "electronic": 0.10904440181277282,
    "rap": 0.10465148608446631,
    "Neo-Psychedelia": 0.10287207718186114,
    "indie": 0.08371562821475241,
    "instrumental": 0.07420691189145606,
    "indie pop": 0.0724553062529541,
    "Hip-Hop": 0.0627519670809353,
    "experimental": 0.060638919009091664
  },
  "2025-W09": {
    "jazz": 0.2842256927470605,
    "post-punk": 0.10908997349936966,
    "electronic": 0.10474181181979572,
    "swing": 0.09841253505544549,
    "indie pop": 0.08981912676563666,
    "indie": 0.08850695963156405,
    "rap": 0.08400442534798158,
    "Neo-Psychedelia": 0.07505081431548616,
    "ambient": 0.06614866081766023
  },
  "2025-W10": {
    "jazz": 0.3679273097644,
    "ambient": 0.11490525074378838,
    "lounge": 0.11171567182181244,
    "Soundtrack": 0.09560695810662306,
    "indie": 0.09491007531694767,
    "electronic": 0.0789889838912863,
    "Neo-Psychedelia": 0.06968827896754134,
    "House": 0.06625747138760085
  },
  "2025-W11": {
    "ambient": 0.37093363459922946,
    "rap": 0.17487905912343213,
    "jazz": 0.10266214767822486,
    "electronic": 0.09484082152892442,
    "Hip-Hop": 0.08901827872888966,
    "dark ambient": 0.056921873642130874,
    "instrumental": 0.055705222907795254,
    "japan": 0.055038961791373374
  },
  "2025-W12": {
    "ambient": 0.619624685414159,
    "electronic": 0.20820111609585296,
    "japan": 0.11169165116533537,
    "Neo-Psychedelia": 0.060482547324652594
  },
  "2025-W13": {
    "ambient": 0.27652575587905937,
    "jazz": 0.1936240201567749,
    "indie": 0.14883118701007841,
    "Neo-Psychedelia": 0.12248040313549832,
    "electronic": 0.1121570548712206,
    "lounge": 0.08300671892497201,
    "Soundtrack": 0.06337486002239642
  },
  "2025-W14": {
    "jazz": 0.3337623762376238,
    "ambient": 0.2763036303630363,
    "electronic": 0.09326732673267327,
    "Soundtrack": 0.07600660066006601,
    "lounge": 0.07471947194719472,
    "indie": 0.07396039603960396,
    "vaporwave": 0.07198019801980197
  },
  "2025-W15": {
    "ambient": 0.4454940536601869,
    "jazz": 0.24787258958544775,
    "electronic": 0.15489109220079633,
    "Hip-Hop": 0.07627449449605746,
    "Neo-Psychedelia": 0.07546777005751165
  },
  "2025-W16": {
    "ambient": 0.3604347459769146,
    "jazz": 0.2116016513606875,
    "electronic": 0.1459684893419833,
    "rap": 0.10510573763585812,
    "Hip-Hop": 0.09828123683545369,
    "jersey club": 0.07860813884910271
  },
  "2025-W17": {
    "ambient": 0.3841951682953312,
    "jazz": 0.305713897937025,
    "electronic": 0.13965798045602607,
    "vaporwave": 0.08530130293159609,
    "Hip-Hop": 0.08513165038002171
  },
  "2025-W18": {
    "jazz": 0.22874361828720585,
    "ambient": 0.2144639361252927,
    "indie": 0.11573452074776398,
    "psychedelic": 0.09596560592683583,
    "folk": 0.09212698168976238,
    "Neo-Psychedelia": 0.09212698168976238,
    "electronic": 0.08314460097501056,
    "indie pop": 0.07769375455836627
  },
  "2025-W19": {
    "ambient": 0.24738114423851731,
    "cloud rap": 0.23851732473811443,
    "vaporwave": 0.14672038678485091,
    "electronic": 0.11687348912167607,
    "experimental hip hop": 0.09901692183722804,
    "Neo-Psychedelia": 0.05479452054794521,
    "japan": 0.048348106365834004,
    "ambient pop": 0.048348106365834004
  },
  "2025-W20": {
    "ambient": 0.2711650947356637,
    "cloud rap": 0.19568441969158437,
    "electronic": 0.12963533066524865,
    "vaporwave": 0.11754498894517366,
    "indie pop": 0.07763566650807423,
    "jazz": 0.07097478380118104,
    "experimental hip hop": 0.07019115054154655,
    "Neo-Psychedelia": 0.06716856511152781
  },
  "2025-W21": {
    "vaporwave": 0.19141725823137018,
    "ambient": 0.1775764277815432,
    "cloud rap": 0.16052509542325116,
    "jazz": 0.14247494024899227,
    "electronic": 0.09685014090536155,
    "Neo-Psychedelia": 0.08621981236399957,
    "indie": 0.07416259408554204,
    "indie pop": 0.07077373095994008
  },
  "2025-W22": {
    "cloud rap": 0.29804482594182163,
    "vaporwave": 0.16022889842632332,
    "Neo-Psychedelia": 0.12255603242727706,
    "experimental hip hop": 0.12017167381974249,
    "indie": 0.09537434430138293,
    "funk melodico": 0.07153075822603719,
    "indie pop": 0.06795422031473533,
    "electronic": 0.06413924654268001
  },
  "2025-W23": {
    "jazz": 0.32839006853162567,
    "rap": 0.18559712391866082,
    "Hip-Hop": 0.16526233007527244,
    "cloud rap": 0.12358162004269184,
    "vaporwave": 0.10875182563756881,
    "indie": 0.08841703179418044
  },
  "2025-W24": {
    "jazz": 0.2219421723416397,
    "cloud rap": 0.19973368841544606,
    "vaporwave": 0.15636294464523492,
    "indie": 0.10495529769830703,
    "electronic": 0.09729883964238159,
    "ambient": 0.09349438843446832,
    "rap": 0.0643903366939319,
    "Hip-Hop": 0.06182233212859045
  },
  "2025-W25": {
    "jazz": 0.19861946114451123,
    "cloud rap": 0.1781340458695168,
    "Hip-Hop": 0.1342685370741483,
    "indie pop": 0.1229124916499666,
    "vaporwave": 0.10821643286573146,
    "electronic": 0.10443108439100424,
    "Neo-Psychedelia": 0.0890670229347584,
    "rap": 0.06435092407036294
  },
  "2025-W26": {
    "jazz": 0.268591572939399,
    "vaporwave": 0.1534329360416317,
    "cloud rap": 0.15108275977841196,
    "electronic": 0.14268927312405574,
    "ambient": 0.1365620278663757,